,Position,Reference,Variant,Quality,Coverage,Gene_ID,Exon_Rank,Effect,old_AA/new_AA,Old_codon/New_codon,Codon_Num(CDS)
36649,4370157,C,T,221.99900000000002,1533,rpoC,1,SYNONYMOUS_CODING,I/I,atC/atT,44.0
36650,4370346,A,G,221.99900000000002,1154,rpoC,1,SYNONYMOUS_CODING,L/L,ctA/ctG,107.0
36651,4370568,G,T,221.99900000000002,1729,rpoC,1,SYNONYMOUS_CODING,G/G,ggG/ggT,181.0
36652,4370670,A,G,221.99900000000002,1598,rpoC,1,SYNONYMOUS_CODING,K/K,aaA/aaG,215.0
36653,4370709,T,A,221.99900000000002,1910,rpoC,1,SYNONYMOUS_CODING,V/V,gtT/gtA,228.0
36654,4370808,C,G,221.99900000000002,1757,rpoC,1,SYNONYMOUS_CODING,A/A,gcC/gcG,261.0
36655,4370811,G,T,221.99900000000002,1797,rpoC,1,SYNONYMOUS_CODING,T/T,acG/acT,262.0
36656,4370814,A,T,221.99900000000002,1750,rpoC,1,SYNONYMOUS_CODING,S/S,tcA/tcT,263.0
36657,4370817,T,C,221.99900000000002,1820,rpoC,1,SYNONYMOUS_CODING,D/D,gaT/gaC,264.0
36658,4370886,G,A,221.99900000000002,1743,rpoC,1,SYNONYMOUS_CODING,A/A,gcG/gcA,287.0
36659,4370904,C,T,221.99900000000002,1684,rpoC,1,SYNONYMOUS_CODING,R/R,cgC/cgT,293.0
36660,4370944,T,C,221.99900000000002,1965,rpoC,1,SYNONYMOUS_CODING,L/L,Ttg/Ctg,307.0
36661,4370994,T,G,221.99900000000002,1883,rpoC,1,SYNONYMOUS_CODING,P/P,ccT/ccG,323.0
36662,4371027,G,A,221.99900000000002,1881,rpoC,1,SYNONYMOUS_CODING,K/K,aaG/aaA,334.0
36663,4371030,G,A,221.99900000000002,1815,rpoC,1,SYNONYMOUS_CODING,Q/Q,caG/caA,335.0
36664,4371177,G,A,221.99900000000002,2236,rpoC,1,SYNONYMOUS_CODING,K/K,aaG/aaA,384.0
36665,4371234,T,C,221.99900000000002,2185,rpoC,1,SYNONYMOUS_CODING,R/R,cgT/cgC,403.0
36666,4371261,T,G,221.99900000000002,2050,rpoC,1,SYNONYMOUS_CODING,L/L,ctT/ctG,412.0
36667,4371306,G,A,221.99900000000002,2013,rpoC,1,SYNONYMOUS_CODING,P/P,ccG/ccA,427.0
36668,4371309,T,A,221.99900000000002,2159,rpoC,1,SYNONYMOUS_CODING,T/T,acT/acA,428.0
36669,4371393,A,C,221.99900000000002,2392,rpoC,1,SYNONYMOUS_CODING,A/A,gcA/gcC,456.0
36670,4371489,C,T,221.99900000000002,2624,rpoC,1,SYNONYMOUS_CODING,N/N,aaC/aaT,488.0
36671,4371561,C,T,221.99900000000002,2591,rpoC,1,SYNONYMOUS_CODING,Y/Y,taC/taT,512.0
36672,4372035,T,C,221.99900000000002,1558,rpoC,1,SYNONYMOUS_CODING,S/S,tcT/tcC,670.0
36673,4372107,T,C,221.99900000000002,1506,rpoC,1,SYNONYMOUS_CODING,S/S,tcT/tcC,694.0
36674,4372176,T,C,221.99900000000002,1490,rpoC,1,SYNONYMOUS_CODING,V/V,gtT/gtC,717.0
36675,4372245,T,G,221.99900000000002,1744,rpoC,1,SYNONYMOUS_CODING,L/L,ctT/ctG,740.0
36676,4372353,C,G,221.99900000000002,1867,rpoC,1,SYNONYMOUS_CODING,T/T,acC/acG,776.0
36677,4372449,A,G,221.99900000000002,1818,rpoC,1,SYNONYMOUS_CODING,V/V,gtA/gtG,808.0
36678,4372677,T,C,221.99900000000002,1823,rpoC,1,SYNONYMOUS_CODING,S/S,tcT/tcC,884.0
36679,4372725,C,T,221.99900000000002,1963,rpoC,1,SYNONYMOUS_CODING,G/G,ggC/ggT,900.0
36680,4373191,T,C,221.99900000000002,1862,rpoC,1,SYNONYMOUS_CODING,L/L,Ttg/Ctg,1056.0
36681,4373298,G,A,221.99900000000002,1783,rpoC,1,SYNONYMOUS_CODING,P/P,ccG/ccA,1091.0
36682,4373346,A,G,221.99900000000002,1652,rpoC,1,SYNONYMOUS_CODING,V/V,gtA/gtG,1107.0
36683,4373400,T,G,221.99900000000002,1587,rpoC,1,SYNONYMOUS_CODING,P/P,ccT/ccG,1125.0
36684,4373454,C,T,221.99900000000002,1735,rpoC,1,SYNONYMOUS_CODING,D/D,gaC/gaT,1143.0
36685,4373481,A,G,221.99900000000002,1596,rpoC,1,SYNONYMOUS_CODING,E/E,gaA/gaG,1152.0
36686,4373574,C,T,221.99900000000002,1615,rpoC,1,SYNONYMOUS_CODING,S/S,agC/agT,1183.0
36687,4373577,T,C,221.99900000000002,1643,rpoC,1,SYNONYMOUS_CODING,D/D,gaT/gaC,1184.0
36688,4373661,C,T,221.99900000000002,1726,rpoC,1,SYNONYMOUS_CODING,D/D,gaC/gaT,1212.0
36689,4373682,T,C,221.99900000000002,1791,rpoC,1,SYNONYMOUS_CODING,D/D,gaT/gaC,1219.0
36690,4373700,T,C,221.99900000000002,1688,rpoC,1,SYNONYMOUS_CODING,G/G,ggT/ggC,1225.0
36691,4373724,C,T,221.99900000000002,1517,rpoC,1,SYNONYMOUS_CODING,I/I,atC/atT,1233.0
36692,4373736,C,T,221.99900000000002,1549,rpoC,1,SYNONYMOUS_CODING,V/V,gtC/gtT,1237.0
36693,4373871,T,C,221.99900000000002,1843,rpoC,1,SYNONYMOUS_CODING,Y/Y,taT/taC,1282.0
36694,4373874,C,T,221.99900000000002,1727,rpoC,1,SYNONYMOUS_CODING,S/S,tcC/tcT,1283.0
36695,4373910,C,T,221.99900000000002,1317,rpoC,1,SYNONYMOUS_CODING,N/N,aaC/aaT,1295.0
36696,4374042,T,C,221.99900000000002,1370,rpoC,1,SYNONYMOUS_CODING,G/G,ggT/ggC,1339.0
36697,4374087,G,T,221.99900000000002,1381,rpoC,1,SYNONYMOUS_CODING,G/G,ggG/ggT,1354.0
36698,4374102,G,C,221.99900000000002,1294,rpoC,1,SYNONYMOUS_CODING,A/A,gcG/gcC,1359.0
36699,4374144,C,T,221.99900000000002,1454,rpoC,1,SYNONYMOUS_CODING,R/R,cgC/cgT,1373.0
36700,4374198,A,C,221.99900000000002,1298,rpoC,1,SYNONYMOUS_CODING,A/A,gcA/gcC,1391.0
